{
  "epochs": [
    0,
    1,
    2,
    3,
    4,
    5,
    6,
    7,
    8,
    9,
    10,
    11,
    12,
    13,
    14,
    15,
    16,
    17,
    18,
    19,
    20,
    21,
    22,
    23,
    24,
    25,
    26,
    27,
    28,
    29,
    30,
    31,
    32,
    33,
    34,
    35,
    36,
    37,
    38,
    39,
    40,
    41,
    42,
    43,
    44,
    45,
    46,
    47,
    48,
    49,
    50,
    51,
    52,
    53,
    54,
    55,
    56,
    57,
    58,
    59,
    60,
    61,
    62,
    63,
    64,
    65,
    66,
    67,
    68,
    69,
    70,
    71,
    72,
    73,
    74,
    75,
    76,
    77,
    78,
    79,
    80,
    81,
    82,
    83,
    84,
    85,
    86,
    87,
    88,
    89,
    90,
    91,
    92,
    93,
    94,
    95,
    96,
    97,
    98,
    99
  ],
  "loss_std": [
    1.0042100245794408,
    0.9758705487932726,
    0.956980214438698,
    0.9335664624089741,
    0.9132328724012888,
    0.8854336087401703,
    0.8734972902511888,
    0.8407296643780086,
    0.8286962324854014,
    0.8093586017029207,
    0.7845445435967657,
    0.7611942976644486,
    0.7544680762789436,
    0.7253866571707086,
    0.7182473437253812,
    0.6919286970069887,
    0.6717724548082766,
    0.672017741667833,
    0.6555850972408732,
    0.6335481863413356,
    0.6212284159117889,
    0.5980138077988254,
    0.5835214622954845,
    0.5775061474550685,
    0.5629080126871221,
    0.5368634729000035,
    0.5238053987404778,
    0.526095709059288,
    0.5099598756229506,
    0.4868571420701249,
    0.47828498354112187,
    0.47110150122679856,
    0.4518081152415174,
    0.4517224855930253,
    0.4453341078330693,
    0.42806958479533685,
    0.40823078053904677,
    0.4026695763547048,
    0.3941739340986496,
    0.3949575760154653,
    0.3794731005556122,
    0.368363733298517,
    0.3559104685875302,
    0.3457748485170886,
    0.34603585200387593,
    0.3319575508134926,
    0.3305383566955166,
    0.3247931102579003,
    0.31619859108587545,
    0.30259923635472785,
    0.3020600916298816,
    0.28867503890675694,
    0.2743158457168413,
    0.2803413906968511,
    0.2715763734523645,
    0.25782241077727247,
    0.25971039564736464,
    0.24779395803242485,
    0.23797797827728082,
    0.2486364638122964,
    0.2268030200395227,
    0.22202985496818653,
    0.21506937143449442,
    0.2115442986526118,
    0.21903942229891926,
    0.199898747257235,
    0.20143489451960872,
    0.20244833448209265,
    0.19778753171814864,
    0.193857957948672,
    0.1839712351006192,
    0.17283348139059368,
    0.17160798777009745,
    0.17221139450103234,
    0.1717229832406911,
    0.1714548898209066,
    0.16043906062234842,
    0.14939991440762126,
    0.1465241570030384,
    0.15163661385584148,
    0.15382612418403582,
    0.1390690435747442,
    0.13039352102447246,
    0.13923353268437416,
    0.127693744272805,
    0.12998140389610946,
    0.12579328326880648,
    0.11651732792366208,
    0.11220757844302032,
    0.12529801597238013,
    0.11899732564291979,
    0.10936812653431183,
    0.10874823498943648,
    0.11441796038655336,
    0.09623212660077118,
    0.09482673636417223,
    0.10953014262062519,
    0.09805230147004847,
    0.0992707288450006,
    0.10148461460968898
  ],
  "loss_tap": [
    1.00109536128,
    0.9671499383365638,
    0.9389778876623518,
    0.9034468478236527,
    0.8759364329408992,
    0.8462210098934457,
    0.8185137766934646,
    0.7878855713351401,
    0.7640752144394286,
    0.7382744708833276,
    0.7159013467670081,
    0.6870929554759544,
    0.6646050982881221,
    0.6422726001216589,
    0.6223809897839693,
    0.6009773299159701,
    0.58315149170879,
    0.5639103963682762,
    0.5438816712366433,
    0.5230282910053583,
    0.5077167333194493,
    0.4932977908452813,
    0.47319370077963063,
    0.45774778112564185,
    0.4428982982670348,
    0.4281867270581871,
    0.41486295104135973,
    0.3984393560519447,
    0.3888433920636754,
    0.37594875218477103,
    0.36190808903260807,
    0.35218828924554585,
    0.3373961613456795,
    0.3275489391954771,
    0.3135571735156411,
    0.3068985923000263,
    0.296264365662199,
    0.2836394385229056,
    0.2736755684992472,
    0.2645535772534551,
    0.25967510573910174,
    0.2501773538263464,
    0.2400323299098924,
    0.23126643921665888,
    0.22730219325599102,
    0.21585925223754346,
    0.21053654553858012,
    0.20118977768151913,
    0.19807764629212743,
    0.19220516318710973,
    0.18603701209275858,
    0.1769652806166093,
    0.17317384567775213,
    0.16458302995227664,
    0.15931112104514453,
    0.15764651865964044,
    0.15109974245504004,
    0.14689018951798735,
    0.14009663694937224,
    0.13780418334193245,
    0.13062710641422873,
    0.12796971458561623,
    0.12331483647044048,
    0.12075944191426177,
    0.11629917331619122,
    0.11300271566688813,
    0.10638199454439867,
    0.10435252710762333,
    0.09897015653802468,
    0.09613027873263331,
    0.09212175051324749,
    0.09304037351342809,
    0.08717796772553857,
    0.0830707544090412,
    0.08020232094567373,
    0.07758077695797946,
    0.07757231648782967,
    0.07301827315993335,
    0.07110687556799575,
    0.06854764056102058,
    0.06628499416295743,
    0.0657991008588591,
    0.06252123430898815,
    0.05919525606743356,
    0.059073522741939354,
    0.05742248623457879,
    0.057382210434813556,
    0.05301111661132475,
    0.054065255810195396,
    0.05240902807235138,
    0.04990126876510746,
    0.0475433528205236,
    0.04399034369002867,
    0.04630064569582489,
    0.04361702167269159,
    0.03985082304224945,
    0.040410599403993455,
    0.03859782535840946,
    0.037572438029332994,
    0.03507018126311453
  ],
  "parameters_std": 640,
  "parameters_tap": 420,