{
  "timestamp": "2026-07-02T09:31:59.637153",
  "schumann_frequencies_theoretical": {
    "f_1": 7.43598861977396,
    "f_2": 14.87197723954792,
    "f_3": 22.30796585932188,
    "f_4": 29.74395447909584,
    "f_5": 37.1799430988698,
    "f_6": 44.61593171864376,
    "f_7": 52.051920338417716
  },
  "schumann_frequencies_observed": [
    7.83,
    14.3,
    20.8,
    27.3,
    33.8,
    39.0,
    45.0
  ],
  "current_amplitudes": {
    "f_7.83": 0.4568,
    "f_14.3": 0.323,
    "f_20.8": 0.2637,
    "f_27.3": 0.2284,
    "f_33.8": 0.2043,
    "f_39.0": 0.1865,
    "f_45.0": 0.1727
  },
  "breath_coupling": {
    "f7_amplitude": 0.4568,
    "breath_phase": 8.8176,
    "coupling": -0.375158
  },
  "kp_sensitivity": {
    "0": {
      "f_7.83": 0.1827,
      "f_14.3": 0.1292,
      "f_20.8": 0.1055,
      "f_27.3": 0.0914,
      "f_33.8": 0.0817,
      "f_39.0": 0.0746,
      "f_45.0": 0.0691
    },
    "1": {
      "f_7.83": 0.3198,
      "f_14.3": 0.2261,
      "f_20.8": 0.1846,
      "f_27.3": 0.1599,
      "f_33.8": 0.143,
      "f_39.0": 0.1305,
      "f_45.0": 0.1209
    },
    "2": {
      "f_7.83": 0.4568,
      "f_14.3": 0.323,
      "f_20.8": 0.2637,
      "f_27.3": 0.2284,
      "f_33.8": 0.2043,
      "f_39.0": 0.1865,
      "f_45.0": 0.1727
    },
    "3": {
      "f_7.83": 0.5938,
      "f_14.3": 0.4199,
      "f_20.8": 0.3429,
      "f_27.3": 0.2969,
      "f_33.8": 0.2656,
      "f_39.0": 0.2424,
      "f_45.0": 0.2245
    },
    "4": {
      "f_7.83": 0.7309,
      "f_14.3": 0.5168,
      "f_20.8": 0.422,
      "f_27.3": 0.3654,
      "f_33.8": 0.3269,
      "f_39.0": 0.2984,
      "f_45.0": 0.2762
    },
    "5": {
      "f_7.83": 0.8679,
      "f_14.3": 0.6137,
      "f_20.8": 0.5011,
      "f_27.3": 0.434,
      "f_33.8": 0.3881,
      "f_39.0": 0.3543,
      "f_45.0": 0.328
    },
    "6": {
      "f_7.83": 1.005,
      "f_14.3": 0.7106,
      "f_20.8": 0.5802,
      "f_27.3": 0.5025,
      "f_33.8": 0.4494,
      "f_39.0": 0.4103,
      "f_45.0": 0.3798
    },
    "7": {
      "f_7.83": 1.142,
      "f_14.3": 0.8075,
      "f_20.8": 0.6593,
      "f_27.3": 0.571,
      "f_33.8": 0.5107,
      "f_39.0": 0.4662,
      "f_45.0": 0.4316
    },
    "8": {
      "f_7.83": 1.279,
      "f_14.3": 0.9044,
      "f_20.8": 0.7385,
      "f_27.3": 0.6395,
      "f_33.8": 0.572,
      "f_39.0": 0.5222,
      "f_45.0": 0.4834
    },
    "9": {
      "f_7.83": 1.4161,
      "f_14.3": 1.0013,
      "f_20.8": 0.8176,
      "f_27.3": 0.708,
      "f_33.8": 0.6333,
      "f_39.0": 0.5781,
      "f_45.0": 0.5352
    }
  },
  "waveform_60s": [
    {
      "time": "2026-07-02T12:00:00",
      "amplitude": 1.8354,
      "tod_factor": 1.0
    },
    {
      "time": "2026-07-02T12:00:01",
      "amplitude": 1.8354,
      "tod_factor": 1.0
    },
    {
      "time": "2026-07-02T12:00:02",
      "amplitude": 1.8354,
      "tod_factor": 1.0
    },
    {
      "time": "2026-07-02T12:00:03",
      "amplitude": 1.8354,
      "tod_factor": 1.0
    },
    {
      "time": "2026-07-02T12:00:04",
      "amplitude": 1.8354,
      "tod_factor": 0.9999
    },
    {
      "time": "2026-07-02T12:00:05",
      "amplitude": 1.8354,
      "tod_factor": 0.9999
    },
    {
      "time": "2026-07-02T12:00:06",
      "amplitude": 1.8354,
      "tod_factor": 0.9999
    },
    {
      "time": "2026-07-02T12:00:07",
      "amplitude": 1.8354,
      "tod_factor": 0.9999
    },
    {
      "time": "2026-07-02T12:00:08",
      "amplitude": 1.8354,
      "tod_factor": 0.9999
    },
    {
      "time": "2026-07-02T12:00:09",
      "amplitude": 1.8354,
      "tod_factor": 0.9999
    },
    {
      "time": "2026-07-02T12:00:10",
      "amplitude": 1.8354,
      "tod_factor": 0.9999
    },
    {
      "time": "2026-07-02T12:00:11",
      "amplitude": 1.8354,
      "tod_factor": 0.9998
    },
    {
      "time": "2026-07-02T12:00:12",
      "amplitude": 1.8354,
      "tod_factor": 0.9998
    },
    {
      "time": "2026-07-02T12:00:13",
      "amplitude": 1.8354,
      "tod_factor": 0.9998
    },
    {
      "time": "2026-07-02T12:00:14",
      "amplitude": 1.8354,
      "tod_factor": 0.9998
    },
    {
      "time": "2026-07-02T12:00:15",
      "amplitude": 1.8354,
      "tod_factor": 0.9998
    },
    {
      "time": "2026-07-02T12:00:16",
      "amplitude": 1.8354,
      "tod_factor": 0.9998
    },
    {
      "time": "2026-07-02T12:00:17",
      "amplitude": 1.8354,
      "tod_factor": 0.9998
    },
    {
      "time": "2026-07-02T12:00:18",
      "amplitude": 1.8354,
      "tod_factor": 0.9997
    },
    {
      "time": "2026-07-02T12:00:19",
      "amplitude": 1.8354,
      "tod_factor": 0.9997
    }
  ]
}