{
  "n_b_observed": 8.0,
  "gamma_breath": 1.015355029803997,
  "expected_drift_pct": 1.5355029803997056,
  "drift_at_n_b_pct": 1723.745069798736,
  "diff_pct": 1722.2095668183365,
  "n_star": 0,
  "consistent_with_breath_clock": false,
  "verdict": "P17 v2 NOT SUPPORTED: drift at N_B = 1723.7451% does not match \u0393(N_B) = 1.5355% (diff 1722.2096%)"
}