{
  "stress": {
    "mean_tension": 0.5442461538461539,
    "mean_piezo": 0.34561538461538455,
    "mean_lymph": 0.24380769230769234,
    "mean_coherence": 0.9034,
    "twin_dragon_piezo": 0.7189,
    "twin_dragon_lymph": 0.20629999999999998,
    "twin_dragon_em_reading": 0.7189,
    "spiral_coupling": 0.0001
  },
  "tensegrity": {
    "mean_tension": 0.02339230769230769,
    "mean_piezo": 0.014407692307692307,
    "mean_lymph": 0.666776923076923,
    "mean_coherence": 0.9966,
    "twin_dragon_piezo": 0.0,
    "twin_dragon_lymph": 0.792,
    "twin_dragon_em_reading": 0.0,
    "spiral_coupling": 0.1885
  },
  "ayahuasca": {
    "mean_tension": 0.30777692307692306,
    "mean_piezo": 0.1966153846153846,
    "mean_lymph": 0.3482,
    "mean_coherence": 0.9691,
    "twin_dragon_piezo": 0.4245,
    "twin_dragon_lymph": 0.34965,
    "twin_dragon_em_reading": 0.4245,
    "spiral_coupling": 0.0003
  },
  "n_trains": 13,
  "n_spiral": 2
}