{
  "quantization_error_std": 0.18366866340716842,
  "quantization_error_tap": 0.14025690563499452,
  "active_blocks_pct": 50.0,
  "matmul_speedup_factor": 1.9999999960000001,
  "matrix_weight_sample_original": [
    0.4967141530112327,
    -0.13826430117118466,
    0.6476885381006925,
    1.5230298564080254,
    -0.23415337472333597,
    -0.23413695694918055,
    1.5792128155073915,
    0.7674347291529088,
    -0.4694743859349521,
    0.5425600435859647
  ],
  "matrix_weight_sample_dequant_std": [
    0.6398691787179652,
    -0.0,
    0.6398691787179652,
    1.2797383574359305,
    -0.0,
    -0.0,
    1.2797383574359305,
    0.6398691787179652,
    -0.6398691787179652,
    0.6398691787179652
  ],
  "matrix_weight_sample_dequant_tap": [
    0.40387877496414837,
    -0.2496108102625138,
    0.6534895852266622,
    1.710857945417473,
    -0.2496108102625138,
    -0.2496108102625138,
    1.710857945417473,
    0.6534895852266622,
    -0.40387877496414837,
    0.6534895852266622
  ]
}