{
  "breath_estimate": {
    "baryon_asymmetry": {
      "eta_0": 6.37593423719116e-10,
      "eta_obs": 6.12e-10,
      "ratio": 0.9598593354840013,
      "N_breath": -20.91336325797285,
      "method": "\u03b7_obs / \u03b7\u2080 = 1 + N\u00b7\u03c6\u207b\u00b9\u00b3"
    },
    "fine_structure": {
      "alpha_inv_0": 139.36318568938273,
      "alpha_inv_obs": 137.036,
      "ratio": 0.9833012880850066,
      "N_breath": 8.700060958863954,
      "method": "(1 - \u03b1\u207b\u00b9_obs/\u03b1\u207b\u00b9\u2080) / \u03c6\u207b\u00b9\u00b3"
    },
    "spectral_index": {
      "ns_0": 0.9535592134824983,
      "ns_obs": 0.9649,
      "gap": 0.0113407865175017,
      "N_breath": 118.1714308576552,
      "method": "|n\u209b_obs - n\u209b\u2080| / (\u03c6\u207b\u00b9\u00b3 \u00d7 0.05)",
      "note": "n\u209b\u2080 uses Candidate B (lower bound). Positive gap consistent with early Breath."
    },
    "cosmological_constant": {
      "w_excess": 0.05,
      "N_breath": 104.20038387574515,
      "method": "DESI w\u2080 deviation / (\u03c6\u207b\u00b9\u00b3 \u00d7 \u03c1_I fraction)",
      "note": "w excess = 0.05 from DESI 2024 CPL fit"
    },
    "consensus": {
      "N_mean": 52.539628108572856,
      "N_std": 59.777957490820874,
      "N_median": 56.45022241730455,
      "N_best": 53,
      "range": "Breath 0\u2013112",
      "meta_breath_M": 0,
      "breath_within_meta": 52.539628108572856,
      "pct_through_meta": 10.045817993990985
    }
  },
  "tier2_milestones": [
    {
      "N": 0,
      "eta": 6.37593423719116e-10,
      "alpha_inv": 139.36318568938273,
      "ns": 0.9535592134824983,
      "higgs_vev": 246.22,
      "lambda_norm": 1.0,
      "ceiling_frac": 0.0,
      "delta": 0.0
    },
    {
      "N": 1,
      "eta": 6.388172069721209e-10,
      "alpha_inv": 139.09569495565268,
      "ns": 0.9534632445462233,
      "higgs_vev": 246.45629471489625,
      "lambda_norm": 1.0019193787254996,
      "ceiling_frac": 0.0019193787254996309,
      "delta": 0.0019193787254996309
    },
    {
      "N": 5,
      "eta": 6.437123399841407e-10,
      "alpha_inv": 138.02573202073245,
      "ns": 0.9530793688011234,
      "higgs_vev": 247.40147357448126,
      "lambda_norm": 1.0095968936274982,
      "ceiling_frac": 0.009596893627498155,
      "delta": 0.009596893627498155
    },
    {
      "N": 10,
      "eta": 6.498312562491655e-10,
      "alpha_inv": 136.68827835208216,
      "ns": 0.9525995241197485,
      "higgs_vev": 248.5829471489626,
      "lambda_norm": 1.0191937872549963,
      "ceiling_frac": 0.01919378725499631,
      "delta": 0.01919378725499631
    },
    {
      "N": 13,
      "eta": 6.535026060081803e-10,
      "alpha_inv": 135.885806150892,
      "ns": 0.9523116173109235,
      "higgs_vev": 249.29183129365134,
      "lambda_norm": 1.0249519234314952,
      "ceiling_frac": 0.0249519234314952,
      "delta": 0.0249519234314952
    },
    {
      "N": 21,
      "eta": 6.632928720322199e-10,
      "alpha_inv": 133.74588028105157,
      "ns": 0.9515438658207237,
      "higgs_vev": 251.18218901282142,
      "lambda_norm": 1.0403069532354923,
      "ceiling_frac": 0.04030695323549225,
      "delta": 0.04030695323549225
    },
    {
      "N": 50,
      "eta": 6.987825863693632e-10,
      "alpha_inv": 125.98864900287994,
      "ns": 0.9487607666687492,
      "higgs_vev": 258.03473574481296,
      "lambda_norm": 1.0959689362749816,
      "ceiling_frac": 0.09596893627498154,
      "delta": 0.09596893627498154
    },
    {
      "N": 100,
      "eta": 7.599717490196104e-10,
      "alpha_inv": 112.61411231637715,
      "ns": 0.9439623198550001,
      "higgs_vev": 269.84947148962596,
      "lambda_norm": 1.1919378725499632,
      "ceiling_frac": 0.19193787254996308,
      "delta": 0.19193787254996308
    },
    {
      "N": 200,
      "eta": 8.823500743201047e-10,
      "alpha_inv": 85.86503894337157,
      "ns": 0.934365426227502,
      "higgs_vev": 293.47894297925194,
      "lambda_norm": 1.3838757450999262,
      "ceiling_frac": 0.38387574509992617,
      "delta": 0.38387574509992617
    },
    {
      "N": 377,
      "eta": 1.0989597101019794e-09,
      "alpha_inv": 38.51917907315169,
      "ns": 0.9173789245068302,
      "higgs_vev": 335.3031075158898,
      "lambda_norm": 1.7236057795133608,
      "ceiling_frac": 0.7236057795133608,
      "delta": 0.7236057795133608
    },
    {
      "N": 521,
      "eta": 1.2751844985346912e-09,
      "alpha_inv": 0.0005134160236463563,
      "ns": 0.9035593976832329,
      "higgs_vev": 369.32954646095124,
      "lambda_norm": 1.9999963159853076,
      "ceiling_frac": 0.9999963159853077,
      "delta": 0.9999963159853077
    }
  ],
  "tier3_milestones": [
    {
      "M": 0,
      "total_breaths": 0,
      "eta_meta": 6.37593423719116e-10,
      "alpha_inv_meta": 139.36318568938273,
      "ns_meta": 0.9535592134824983,
      "higgs_vev_meta": 246.22,
      "delta_meta": 0.0
    },
    {
      "M": 1,
      "total_breaths": 523,
      "eta_meta": 6.375957726226565e-10,
      "alpha_inv_meta": 139.36267227335915,
      "ns_meta": 0.9535590292817637,
      "higgs_vev_meta": 246.22045353904872,
      "delta_meta": 3.6840146919005873e-06
    },
    {
      "M": 5,
      "total_breaths": 2615,
      "eta_meta": 6.376051682368181e-10,
      "alpha_inv_meta": 139.36061860926478,
      "ns_meta": 0.9535582924788253,
      "higgs_vev_meta": 246.2222676952436,
      "delta_meta": 1.8420073459502936e-05
    },
    {
      "M": 13,
      "total_breaths": 6799,
      "eta_meta": 6.376239594651418e-10,
      "alpha_inv_meta": 139.35651128107608,
      "ns_meta": 0.9535568188729485,
      "higgs_vev_meta": 246.22589600763337,
      "delta_meta": 4.7892190994707634e-05
    },
    {
      "M": 50,
      "total_breaths": 26150,
      "eta_meta": 6.377108688961381e-10,
      "alpha_inv_meta": 139.33751488820326,
      "ns_meta": 0.9535500034457686,
      "higgs_vev_meta": 246.242676952436,
      "delta_meta": 0.00018420073459502937
    },
    {
      "M": 100,
      "total_breaths": 52300,
      "eta_meta": 6.3782831407316e-10,
      "alpha_inv_meta": 139.31184408702376,
      "ns_meta": 0.9535407934090387,
      "higgs_vev_meta": 246.265353904872,
      "delta_meta": 0.00036840146919005874
    },
    {
      "M": 200,
      "total_breaths": 104600,
      "eta_meta": 6.380632044272041e-10,
      "alpha_inv_meta": 139.26050248466478,
      "ns_meta": 0.9535223733355793,
      "higgs_vev_meta": 246.31070780974397,
      "delta_meta": 0.0007368029383801175
    },
    {
      "M": 377,
      "total_breaths": 197171,
      "eta_meta": 6.38478960353862e-10,
      "alpha_inv_meta": 139.1696278484894,
      "ns_meta": 0.953489769805556,
      "higgs_vev_meta": 246.3909842213674,
      "delta_meta": 0.0013888735388465213
    },
    {
      "M": 521,
      "total_breaths": 272483,
      "eta_meta": 6.388172024636855e-10,
      "alpha_inv_meta": 139.09569594109246,
      "ns_meta": 0.9534632448997743,
      "higgs_vev_meta": 246.45629384438305,
      "delta_meta": 0.001919371654480206
    }
  ],
  "params": {
    "PHI": 1.618033988749895,
    "PHI_INV13": 0.0019193787254996309,
    "PHI_INV26": 3.6840146919005873e-06,
    "S_sat": 521.0019193787257,
    "N_BREATHS_PER_META": 523
  }
}