{
  "N_B_chi2": 7.688705615800241,
  "N_B_bayes_map": 7.681536307261453,
  "N_B_bayes_mean": 8.058507698996939,
  "N_B_bayes_std": 2.873722233646279,
  "N_B_CI_68": [
    5.201040208041609,
    10.922184436887378
  ],
  "chi2_min": 15.64424575615151,
  "N_B_integer": 8,
  "gamma_NB": 1.012678297238485,
  "psi_breath": 0.0265,
  "phi_inv13": 0.0016489507951027759,
  "per_obs_N": {
    "baryon_asymmetry": 24.343154832280394,
    "fine_structure": 10.12687095611764,
    "spectral_index": 7.212532980304324,
    "w_boson": 0.9748481521026172,
    "z_boson": 2.266636695127857,
    "cabibbo_angle": 28.946842319253147,
    "tc_superconductor": 7.935804950221046,
    "hubble_tension_excess": 7.4856438854366525
  }
}