{
  "radial_coordinates": [
    1e-05,
    0.03449241379310345,
    0.06897482758620689,
    0.10345724137931034,
    0.1379396551724138,
    0.17242206896551726,
    0.2069044827586207,
    0.24138689655172413,
    0.2758693103448276,
    0.31035172413793105,
    0.3448341379310345,
    0.3793165517241379,
    0.4137989655172414,
    0.44828137931034484,
    0.48276379310344825,
    0.5172462068965517,
    0.5517286206896551,
    0.5862110344827586,
    0.620693448275862,
    0.6551758620689655,
    0.689658275862069,
    0.7241406896551723,
    0.7586231034482758,
    0.7931055172413792,
    0.8275879310344827,
    0.8620703448275862,
    0.8965527586206896,
    0.9310351724137931,
    0.9655175862068964,
    1.0
  ],
  "final_profile_std": [
    2.5894039654175485,
    2.5895154994708895,
    2.5194129571737265,
    2.387851220111509,
    2.188299807638626,
    1.9105898672879296,
    1.543031746493313,
    1.293324359541088,
    1.1237820492661579,
    1.0079233960054523,
    0.9268869395517616,
    0.8673926413396783,
    0.8203347171862067,
    0.7796801451612551,
    0.7415740230452601,
    0.7036300174276782,
    0.6643984216881211,
    0.6229974343404494,
    0.5788842473258956,
    0.5317373381614328,
    0.4814193606161867,
    0.42798917969736083,
    0.37231355086600176,
    0.3163142018876655,
    0.2612128394414363,
    0.2075695170886107,
    0.15560336038989053,
    0.10537189136428492,
    0.05685592005428273,
    0.01
  ],
  "final_profile_tap": [
    2.5894039857341684,
    2.589515519811288,
    2.519412996627215,
    2.3878513127128196,
    2.188300035577242,
    1.9105904307465043,
    1.5430331216254791,
    1.293327643909225,
    1.1237896845774977,
    1.0079406077077613,
    0.9269244533663523,
    0.8674715118640519,
    0.8204943547032648,
    0.7799906739576958,
    0.7421536519445873,
    0.7046667977919574,
    0.6661733842960056,
    0.625902848123931,
    0.5834276025545992,
    0.5385204143911091,
    0.49108448645069425,
    0.44113273406786746,
    0.38885697980989004,
    0.33477163057760684,
    0.2795853579940115,
    0.22404816315132234,
    0.16883926545226222,
    0.11450986773059776,
    0.06146984487679673,
    0.01
  ],
  "time_history": [
    0.0,
    0.02,
    0.04,
    0.060000000000000005,
    0.08,
    0.1,
    0.12000000000000001,
    0.14,
    0.16,
    0.18000000000000002,
    0.2,
    0.22,
    0.24000000000000002,
    0.26,
    0.28,
    0.3,
    0.32,
    0.34,
    0.36000000000000004,
    0.38,
    0.4,
    0.42000000000000004,
    0.44,
    0.46,
    0.48000000000000004,
    0.5,
    0.52,
    0.54,
    0.56,
    0.5800000000000001,
    0.6,
    0.62,
    0.64,
    0.66,
    0.68,
    0.7000000000000001,
    0.7200000000000001,
    0.74,
    0.76,
    0.78,
    0.8,
    0.8200000000000001,
    0.8400000000000001,
    0.86,
    0.88,
    0.9,
    0.92,
    0.9400000000000001,
    0.9600000000000001,
    0.9800000000000001
  ],
  "confinement_metric_std": [
    0.2548737340742259,
    0.25437491331353385,
    0.2541556813586597,
    0.25406608201281833,
    0.25405859116084367,
    0.2541091707689712,
    0.2542034222388265,
    0.25433186975178684,
    0.2544878843142717,
    0.2546666234157127,
    0.25486443281394794,
    0.25507848394796107,
    0.25530654189515445,
    0.25554681040823035,
    0.25579782481457375,
    0.25605837587170993,
    0.2563274543286248,
    0.25660420973387016,
    0.25688791928633953,
    0.2571779639155469,
    0.2574738096631801,
    0.2577749930159561,
    0.25808110922665883,
    0.2583918029245269,
    0.25870676050015895,
    0.25902570388042706,
    0.2593483854026379,
    0.25967458356558865,
    0.2600040994857325,
    0.2603367539244839,
    0.2606723847812939,
    0.26101084496895627,
    0.2613520006044312,
    0.26169572946154585,
    0.26204191964216844,
    0.26239046843052355,
    0.2627412813017338,
    0.263094271060787,
    0.2634493570922539,
    0.2638064647044025,
    0.2641655245540635,
    0.2645264721408094,
    0.2648892473608183,
    0.26525379411229244,
    0.2656200599455338,
    0.2659879957518103,
    0.2663575554860027,
    0.26672869591874276,
    0.2671013764143582,
    0.26747555873145035
  ],
  "confinement_metric_tap": [
    0.2548789035952523,
    0.2550969309598469,
    0.2553339817951593,
    0.25558463845648005,
    0.25584590619194914,
    0.2561159197939713,
    0.25639340336222155,
    0.2566774235488363,
    0.25696726411347043,
    0.25726235579869733,
    0.25756223398018574,
    0.2578665114775619,
    0.2581748602305338,
    0.2584869984568561,
    0.25880268135818396,
    0.25912169421058473,
    0.2594438471096556,
    0.2597689708952898,
    0.26009691393741674,
    0.26042753956311243,
    0.2607607239701599,
    0.26109635451549135,
    0.26143432829667185,
    0.261774550965389,
    0.262116935726753,
    0.2624614024889676,
    0.2628078771358461,
    0.2631562909005596,
    0.263506579823466,
    0.2638586842802847,
    0.26421254856951953,
    0.2645681205500921,
    0.26492535132177136,
    0.2652841949422723,
    0.26564460817593005,
    0.2660065502696895,
    0.26636998275282525,
    0.2667348692573601,
    0.26710117535660816,
    0.2674688684196398,
    0.26783791747978525,
    0.2682082931155498,
    0.2685799673425364,
    0.2689529135151586,
    0.2693271062370775,
    0.26970252127943967,
    0.27007913550609924,
    0.27045692680510947,
    0.27083587402585296,
    0.27121595692125283
  ]
}