{
  "time_grid": [
    0.0,
    1.0101010101010102,
    2.0202020202020203,
    3.0303030303030303,
    4.040404040404041,
    5.050505050505051,
    6.0606060606060606,
    7.070707070707071,
    8.080808080808081,
    9.090909090909092,
    10.101010101010102,
    11.111111111111112,
    12.121212121212121,
    13.131313131313131,
    14.141414141414142,
    15.151515151515152,
    16.161616161616163,
    17.171717171717173,
    18.181818181818183,
    19.191919191919194,
    20.202020202020204,
    21.212121212121215,
    22.222222222222225,
    23.232323232323235,
    24.242424242424242,
    25.252525252525253,
    26.262626262626263,
    27.272727272727273,
    28.282828282828284,
    29.292929292929294,
    30.303030303030305,
    31.313131313131315,
    32.323232323232325,
    33.333333333333336,
    34.343434343434346,
    35.35353535353536,
    36.36363636363637,
    37.37373737373738,
    38.38383838383839,
    39.3939393939394,
    40.40404040404041,
    41.41414141414142,
    42.42424242424243,
    43.43434343434344,
    44.44444444444445,
    45.45454545454546,
    46.46464646464647,
    47.47474747474748,
    48.484848484848484,
    49.494949494949495,
    50.505050505050505,
    51.515151515151516,
    52.525252525252526,
    53.535353535353536,
    54.54545454545455,
    55.55555555555556,
    56.56565656565657,
    57.57575757575758,
    58.58585858585859,
    59.5959595959596,
    60.60606060606061,
    61.61616161616162,
    62.62626262626263,
    63.63636363636364,
    64.64646464646465,
    65.65656565656566,
    66.66666666666667,
    67.67676767676768,
    68.68686868686869,
    69.6969696969697,
    70.70707070707071,
    71.71717171717172,
    72.72727272727273,
    73.73737373737374,
    74.74747474747475,
    75.75757575757576,
    76.76767676767678,
    77.77777777777779,
    78.7878787878788,
    79.7979797979798,
    80.80808080808082,
    81.81818181818183,
    82.82828282828284,
    83.83838383838385,
    84.84848484848486,
    85.85858585858587,
    86.86868686868688,
    87.87878787878789,
    88.8888888888889,
    89.89898989898991,
    90.90909090909092,
    91.91919191919193,
    92.92929292929294,
    93.93939393939395,
    94.94949494949496,
    95.95959595959597,
    96.96969696969697,
    97.97979797979798,
    98.98989898989899,
    100.0
  ],
  "peptide_length_std": [
    1.1,
    1.1600000000000001,
    1.1960000000000002,
    1.2176,
    1.23056,
    1.238336,
    1.2430016,
    1.24580096,
    1.247480576,
    1.2484883456,
    1.24909300736,
    1.249455804416,
    1.2496734826495999,
    1.24980408958976,
    1.249882453753856,
    1.2499294722523135,
    1.2499576833513881,
    1.2499746100108329,
    1.2499847660064998,
    1.2499908596038998,
    1.2499945157623398,
    1.2499967094574038,
    1.2499980256744423,
    1.2499988154046653,
    1.2499992892427991,
    1.2499995735456795,
    1.2499997441274076,
    1.2499998464764446,
    1.2499999078858668,
    1.24999994473152,
    1.249999966838912,
    1.2499999801033472,
    1.2499999880620083,
    1.249999992837205,
    1.249999995702323,
    1.2499999974213938,
    1.2499999984528363,
    1.2499999990717017,
    1.249999999443021,
    1.2499999996658127,
    1.2499999997994875,
    1.2499999998796925,
    1.2499999999278155,
    1.2499999999566893,
    1.2499999999740137,
    1.2499999999844082,
    1.2499999999906448,
    1.249999999994387,
    1.249999999996632,
    1.2499999999979792,
    1.2499999999987874,
    1.2499999999992724,
    1.2499999999995635,
    1.249999999999738,
    1.2499999999998428,
    1.2499999999999056,
    1.2499999999999434,
    1.249999999999966,
    1.2499999999999796,
    1.2499999999999878,
    1.2499999999999927,
    1.2499999999999956,
    1.2499999999999973,
    1.2499999999999984,
    1.2499999999999991,
    1.2499999999999996,
    1.2499999999999998,
    1.2499999999999998,
    1.2499999999999998,
    1.2499999999999998,
    1.2499999999999998,
    1.2499999999999998,
    1.2499999999999998,
    1.2499999999999998,
    1.2499999999999998,
    1.2499999999999998,
    1.2499999999999998,
    1.2499999999999998,
    1.2499999999999998,
    1.2499999999999998,
    1.2499999999999998,
    1.2499999999999998,
    1.2499999999999998,
    1.2499999999999998,
    1.2499999999999998,
    1.2499999999999998,
    1.2499999999999998,
    1.2499999999999998,
    1.2499999999999998,
    1.2499999999999998,
    1.2499999999999998,
    1.2499999999999998,
    1.2499999999999998,
    1.2499999999999998,
    1.2499999999999998,
    1.2499999999999998,
    1.2499999999999998,
    1.2499999999999998,
    1.2499999999999998,
    1.2499999999999998
  ],
  "peptide_length_tap": [
    1.4914855054991167,
    1.9787862603643975,
    2.4619378956321016,
    2.940975738958226,
    3.4159348172016353,
    3.886849858985196,
    4.353755297235107,
    4.816685271698607,
    5.275673631440244,
    5.730753937316892,
    6.181959464431692,
    6.629323204567105,
    7.07287786859724,
    7.51265588887965,
    7.9486894216267565,
    8.381010349257087,
    8.809650282726492,
    9.234640563839513,
    9.656012267541067,
    10.073796204188627,
    10.488022921805044,
    10.898722708312198,
    11.305925593745622,
    11.70966135245028,
    12.109959505257637,
    12.506849321644202,
    12.900359821871687,
    13.290519779108944,
    13.677357721535842,
    14.06090193442921,
    14.441180462231054,
    14.818221110599126,
    15.192051448440058,
    15.562698809925179,
    15.930190296489169,
    16.29455277881169,
    16.655812898782145,
    17.013997071447722,
    17.369131486944838,
    17.721242112414128,
    18.070354693899155,
    18.41649475822894,
    18.759687614884452,
    19.099958357849232,
    19.437331867444225,
    19.77183281214703,
    20.10348565039562,
    20.43231463237674,
    20.758343801799054,
    21.081596997651193,
    21.402097855944856,
    21.719869811443047,
    22.034936099373613,
    22.347319757128183,
    22.657043625946635,
    22.96413035258724,
    23.26860239098257,
    23.57048200388131,
    23.869791264476095,
    24.166552058017484,
    24.460786083414185,
    24.752514854819673,
    25.04175970320528,
    25.3285417779199,
    25.612882048236408,
    25.894801304884925,
    26.174320161573018,
    26.451459056492947,
    26.7262382538161,
    26.998677845174686,
    27.268797751130826,
    27.536617722633125,
    27.80215734246084,
    28.065436026655767,
    28.326473025941915,
    28.585287427133114,
    28.84189815452862,
    29.09632397129685,
    29.348583480847324,
    29.598695128190936,
    29.846677201288635,
    30.092547832388625,
    30.336324999352186,
    30.578026526968195,
    30.81767008825646,
    31.055273205759963,
    31.290853252826093,
    31.52442745487696,
    31.756012890668917,
    31.98562649354134,
    32.213285052654776,
    32.43900521421856,
    32.66280348270797,
    32.88469622207102,
    33.10469965692498,
    33.3228298737427,
    33.539102822028845,
    33.75353431548612,
    33.96614003317154,
    34.17693552064287
  ],