{
  "time_grid_fs": [
    0.0,
    10.1010101010101,
    20.2020202020202,
    30.3030303030303,
    40.4040404040404,
    50.505050505050505,
    60.6060606060606,
    70.7070707070707,
    80.8080808080808,
    90.9090909090909,
    101.01010101010101,
    111.1111111111111,
    121.2121212121212,
    131.3131313131313,
    141.4141414141414,
    151.5151515151515,
    161.6161616161616,
    171.7171717171717,
    181.8181818181818,
    191.91919191919192,
    202.02020202020202,
    212.1212121212121,
    222.2222222222222,
    232.3232323232323,
    242.4242424242424,
    252.5252525252525,
    262.6262626262626,
    272.7272727272727,
    282.8282828282828,
    292.9292929292929,
    303.030303030303,
    313.1313131313131,
    323.2323232323232,
    333.3333333333333,
    343.4343434343434,
    353.5353535353535,
    363.6363636363636,
    373.73737373737373,
    383.83838383838383,
    393.93939393939394,
    404.04040404040404,
    414.1414141414141,
    424.2424242424242,
    434.3434343434343,
    444.4444444444444,
    454.5454545454545,
    464.6464646464646,
    474.7474747474747,
    484.8484848484848,
    494.9494949494949,
    505.050505050505,
    515.1515151515151,
    525.2525252525252,
    535.3535353535353,
    545.4545454545454,
    555.5555555555555,
    565.6565656565656,
    575.7575757575758,
    585.8585858585858,
    595.959595959596,
    606.060606060606,
    616.1616161616162,
    626.2626262626262,
    636.3636363636364,
    646.4646464646464,
    656.5656565656565,
    666.6666666666666,
    676.7676767676767,
    686.8686868686868,
    696.9696969696969,
    707.070707070707,
    717.1717171717171,
    727.2727272727273,
    737.3737373737373,
    747.4747474747475,
    757.5757575757575,
    767.6767676767677,
    777.7777777777777,
    787.8787878787879,
    797.9797979797979,
    808.0808080808081,
    818.1818181818181,
    828.2828282828282,
    838.3838383838383,
    848.4848484848484,
    858.5858585858585,
    868.6868686868686,
    878.7878787878788,
    888.8888888888888,
    898.989898989899,
    909.090909090909,
    919.1919191919192,
    929.2929292929292,
    939.3939393939394,
    949.4949494949494,
    959.5959595959596,
    969.6969696969696,
    979.7979797979797,
    989.8989898989898,
    1000.0
  ],
  "coherence_std": [
    1.0,
    0.9039239022952824,
    0.8170784211407314,
    0.7385767149187981,
    0.6676171462938303,
    0.6034750961171595,
    0.5454955638202436,
    0.49308647873315986,
    0.44571265402551763,
    0.402890321529133,
    0.3641821916336149,
    0.3291929878079056,
    0.29756541014756543,
    0.2689764867286836,
    0.2431342755094669,
    0.21977488310025364,
    0.19865976995847076,
    0.179573314489944,
    0.16232061118184818,
    0.14672548028245147,
    0.13262866870306303,
    0.11988622377030095,
    0.10836802322189591,
    0.09795644643476192,
    0.08854517331628882,
    0.08003809859347188,
    0.07234835041290569,
    0.06539740322986021,
    0.05911427592751336,
    0.05343480697775794,
    0.048300999241730154,
    0.04366042771934619,
    0.03946570419995252,
    0.03567399334725241,
    0.03224657527690433,
    0.029148450159957952,
    0.026347980814448734,
    0.02381656963539773,
    0.021528366564116053,
    0.01946000511467906,
    0.017590363761946847,
    0.015900350254492532,
    0.014372706649902672,
    0.012991833081525388,
    0.011743628457021371,
    0.010615346461976682,
    0.009595465398126382,
    0.008673570527013752,
    0.007840247717611626,
    0.007086987311865182,
    0.006406097226458327,
    0.005790624403423195,
    0.00523428380746859,
    0.004731394244968016,
    0.00427682034920893,
    0.0038659201394728076,
    0.003494497618434185,
    0.0031587599238165963,
    0.0028552785967502488,
    0.0025809545713146825,
    0.002332986527749617,
    0.0021088422861657526,
    0.0019062329486362532,
    0.0017230895256151245,
    0.00155754180799815,
    0.0014078992690737383,
    0.001272633801339809,
    0.0011503641118999603,
    0.001039841617089058,
    0.0009399376922881787,
    0.0008496321467275528,
    0.0007680028055854873,
    0.0006942160929985587,
    0.0006275185198194422,
    0.0005672289891977492,
    0.0005127318414106384,
    0.00046347056691895005,
    0.0004189421234483845,
    0.0003786917990633352,
    0.0003423085687765512,
    0.0003094208972776129,
    0.00027969294491888777,
    0.0002528211382155407,
    0.00022853106983852626,
    0.00020657469644415653,
    0.0001867278057252655,
    0.00016878772681821748,
    0.00015257126068507308,
    0.00013791280933656217,
    0.0001246626847920104,
    0.00011268558050780087,
    0.00010185918966502047,
    9.207295620664066e-05,
    8.322694587016918e-05,
    7.523082568708162e-05,
    6.800294152796305e-05,
    6.14694842735143e-05,
    5.556373609659349e-05,
    5.0225389158538064e-05,
    4.5399929762484854e-05
  ],
  "coherence_tap": [
    1.0,
    0.9893069086672843,
    0.9787281595368186,
    0.9682625299369907,
    0.9579088102703281,
    0.9476658038736946,
    0.9375323268799818,
    0.9275072080812807,
    0.9175892887935155,
    0.9077774227225248,
    0.8980704758315757,
    0.8884673262102932,
    0.8789668639449929,
    0.8695679909903985,
    0.8602696210427322,
    0.8510706794141616,
    0.8419701029085895,
    0.832966839698772,
    0.8240598492047496,
    0.8152481019735793,
    0.8065305795603528,
    0.7979062744104859,
    0.7893741897432677,
    0.7809333394366545,
    0.7725827479132957,
    0.7643214500277785,
    0.7561484909550779,
    0.7480629260802001,
    0.740063820889006,
    0.7321502508602014,
    0.7243213013584826,
    0.7165760675288249,
    0.7089136541919009,
    0.7013331757406177,
    0.6938337560377599,
    0.6864145283147269,
    0.6790746350713546,
    0.6718132279768061,
    0.6646294677715237,
    0.6575225241702285,
    0.6504915757659585,
    0.643535809935131,
    0.6366544227436216,
    0.6298466188538467,
    0.6231116114328403,
    0.6164486220613133,
    0.609856880643685,
    0.6033356253190771,
    0.5968841023732591,
    0.5905015661515358,
    0.5841872789725658,
    0.5779405110431016,
    0.5717605403736414,
    0.5656466526949832,
    0.5595981413756709,
    0.5536143073403229,
    0.5476944589888347,
    0.5418379121164448,
    0.5360439898346557,
    0.5303120224930005,
    0.5246413476016457,
    0.5190313097548223,
    0.5134812605550749,
    0.5079905585383215,
    0.5025585690997141,
    0.49718466442029197,
    0.4918682233944202,
    0.4866086315580031,
    0.4814052810174656,
    0.47625757037949423,
    0.47116490468152905,
    0.4661266953229992,
    0.46114235999729347,
    0.45621132262445835,
    0.45133301328461606,
    0.4465068681520939,
    0.4417323294302587,
    0.43700884528704775,
    0.43233586979118876,
    0.4277128628491025,
    0.42313929014247975,
    0.4186146230665258,
    0.4141383386688651,
    0.40970991958909986,
    0.405328853999014,
    0.40099463554341763,
    0.3967067632816228,
    0.3924647416295464,
    0.38826808030243104,
    0.384116294258179,
    0.38000890364129203,
    0.3759454337274105,
    0.37192541486844594,
    0.36794838243829947,
    0.3640138767791618,
    0.3601214431483863,
    0.35627063166593126,
    0.3524609972623632,
    0.34869209962741665,
    0.34496350315910435
  ],