{
  "N_B_chi2": 5.480227769509548,
  "N_B_bayes_map": 5.481096219243849,
  "N_B_bayes_mean": 5.488560795988253,
  "N_B_bayes_std": 1.8220607848575527,
  "N_B_CI_68": [
    3.660732146429286,
    7.301460292058412
  ],
  "chi2_min": 4.548137955346097,
  "N_B_integer": 5,
  "gamma_NB": 1.0105186325916888,
  "psi_breath": 0.0265,
  "phi_inv13": 0.0019193787254996309,
  "per_obs_N": {
    "baryon_asymmetry": 20.91336325797285,
    "fine_structure": 8.700060958863954,
    "spectral_index": 6.19633417551918,
    "higgs_mass": 0.0,
    "w_boson": 0.8374984124592932,
    "z_boson": 1.9472823841304618,
    "cabibbo_angle": 24.86842123647178,
    "tc_superconductor": 6.817701847268941,
    "ns_candidate_b_gap": 6.19633417551918,
    "hubble_tension_excess": 6.4309655373167125
  }
}