{
  "stress": {
    "mean_tension": 0.5288153846153847,
    "mean_piezo": 0.3399384615384615,
    "mean_lymph": 0.2480461538461539,
    "mean_coherence": 0.9034,
    "twin_dragon_piezo": 0.75595,
    "twin_dragon_lymph": 0.1928,
    "twin_dragon_em_reading": 0.75595,
    "spiral_coupling": 0.0001
  },
  "tensegrity": {
    "mean_tension": 0.043576923076923076,
    "mean_piezo": 0.027823076923076926,
    "mean_lymph": 0.6571461538461539,
    "mean_coherence": 0.9966,
    "twin_dragon_piezo": 0.0,
    "twin_dragon_lymph": 0.792,
    "twin_dragon_em_reading": 0.0,
    "spiral_coupling": 0.1885
  },
  "ayahuasca": {
    "mean_tension": 0.3107769230769231,
    "mean_piezo": 0.19562307692307693,
    "mean_lymph": 0.34773076923076923,
    "mean_coherence": 0.9691,
    "twin_dragon_piezo": 0.40105,
    "twin_dragon_lymph": 0.3592,
    "twin_dragon_em_reading": 0.40105,
    "spiral_coupling": 0.0003
  },
  "n_trains": 13,
  "n_spiral": 2
}