{
  "leakage_error": 0.0,
  "sum_rule_error": 0.0008295539031347316,
  "ns_error": 0.00022485671195637824,
  "ratio_error": 0.060487837125347
}