{
  "t_planck": 5.39124e-44,
  "delta_b_n": 5,
  "delta_b_psi": 0.0265,
  "tappasecond_b5": 4.768009248384096e-45,
  "tappasecond_b8": 1.1152641848195446e-45,
  "tappasecond_b0": 5.39124e-44,
  "scale_ratio_b8": 48.34047460129216
}